task,n_seen,n_unseen,self_bleu4_seen,self_bleu4_unseen,self_bleu4_all,notes
Click_Bell_Clockwise_Order,250,50,0.9172,0.8290,0.9256,
Click_Bell_Open_Microwave_Place_Object,250,50,0.8481,0.6951,0.8670,
Click_Bell_Repeat,250,50,0.9483,0.9396,0.9468,
Click_Can_Place_Items,250,50,0.8737,0.6755,0.8984,
Click_Objects_Order,250,50,0.8551,0.7878,0.8596,
Hang_Mug_Stack_Blocks,250,50,0.9126,0.6867,0.9059,
Hit_Blocks_Hammer_Order,250,50,0.9729,0.9657,0.9745,
Lift_Fan_Repeat,250,50,1.0000,0.9981,1.0000,
Lift_Pot_Repeat,250,50,0.9971,0.9831,0.9951,
Move_Blocks_Apart,250,50,0.9271,0.9520,0.9408,
Move_Playing_Cards_Away,250,50,0.9173,0.8603,0.9239,
Observe_Blocks_Move_Memory,200,50,0.9992,0.9941,0.9994,
Observe_Objects_Click_Memory,250,50,1.0000,0.9837,0.9994,
Pick_Blocks_Area,250,50,1.0000,1.0000,1.0000,
Pick_Blocks_Canonical,250,50,0.9994,0.9855,0.9995,
Pick_Blocks_Distance,250,50,1.0000,1.0000,1.0000,
Pick_Blocks_Height,250,50,1.0000,1.0000,1.0000,
Pick_Blocks_Length,250,50,1.0000,1.0000,1.0000,
Pick_Blocks_Size,250,50,1.0000,1.0000,1.0000,
Pick_Breads_Multi_View,250,50,1.0000,1.0000,1.0000,
Pick_Cans_Relational,250,50,0.9993,0.9908,0.9990,
Pick_Cups_Canonical,250,50,0.9994,0.9855,0.9995,
Pick_Mixed_Objects_Canonical_A,250,50,0.9994,0.9855,0.9995,
Pick_Mixed_Objects_Canonical_B,250,50,0.9994,0.9855,0.9995,
Pick_Mixed_Objects_Distance_A,250,50,1.0000,1.0000,1.0000,
Pick_Mixed_Objects_Distance_B,250,50,1.0000,1.0000,1.0000,
Pick_Mixed_Objects_Multi_View_A,250,50,1.0000,1.0000,1.0000,
Pick_Mixed_Objects_Multi_View_B,250,50,1.0000,1.0000,1.0000,
Pick_Mixed_Objects_Relational_A,250,50,1.0000,1.0000,1.0000,
Pick_Mixed_Objects_Relational_B,250,50,1.0000,1.0000,1.0000,
Pick_Mugs_Distance,250,50,1.0000,1.0000,1.0000,
Pick_Pill_Bottles_Distance,250,50,1.0000,1.0000,1.0000,
Pick_Rubik_Cubes_Canonical,250,50,0.9994,0.9855,0.9995,
Pick_Sauce_Can_Multi_View,250,50,1.0000,1.0000,1.0000,
Pick_Seals_Multi_View,250,50,1.0000,1.0000,1.0000,
Pick_Soaps_Relational,250,50,0.9993,0.9908,0.9990,
Pick_Tea_Box_Relational,250,50,0.9993,0.9908,0.9990,
Place_Bottle_Cup,250,50,0.8560,0.7527,0.8505,
Place_Bowls_Plates,250,50,0.9286,0.8401,0.9337,
Place_Burger_Fries_Click_Bell,250,50,0.9857,0.8029,0.9610,
Place_Object_Scale_Click,250,50,0.9444,0.8824,0.9572,
Place_Phone_Press_Stapler,250,50,0.9223,0.7898,0.9270,
Press_Stapler_Memory,250,50,0.9094,0.8033,0.9118,
Press_Stapler_Repeat,250,50,0.9465,0.9482,0.9567,
Put_Bottles_Dustbin,250,50,0.8905,0.8039,0.8941,
Rank_Blocks_Color,250,50,0.9730,0.8869,0.9790,
Rank_Blocks_Height,250,50,0.9799,0.8842,0.9832,
Rank_Blocks_Size,250,50,0.9804,0.8969,0.9837,
Remember_Color_Cover,250,50,0.9973,0.9721,0.9982,
Remember_Orientation_Restore,250,50,0.9999,0.9879,0.9989,
Separate_Fries_Bread,250,50,0.9376,0.8478,0.9391,
Stack_Blocks_Color_Order,250,50,0.9833,0.8977,0.9848,
Stack_Blocks_Length_Order,250,50,0.9800,0.8825,0.9819,
Stack_Blocks_Size_Order,250,50,0.9800,0.8825,0.9819,
Stamp_Seals_Order,250,50,0.9617,0.9027,0.9650,
Stamp_Seals_Press_Stapler,250,50,0.9746,0.9510,0.9804,
